{"Read Input Time": 0.37656331062316895, "Split Time": 0.6412804126739502, "Shuffle Time": 3.497990131378174}
{"Read Input Time": 0.2803683280944824, "Split Time": 0.6700258255004883, "Shuffle Time": 4.266441345214844}
{"Read Input Time": 0.3737521171569824, "Split Time": 0.7649533748626709, "Shuffle Time": 4.0239458084106445}
{"Read Input Time": 0.36029767990112305, "Split Time": 3.2247416973114014, "Shuffle Time": 3.437147378921509}
{"Read Input Time": 0.408719539642334, "Split Time": 2.097804069519043, "Shuffle Time": 3.564603328704834}
{"Read Input Time": 0.3563957214355469, "Split Time": 0.7114307880401611, "Shuffle Time": 3.6405394077301025}
{"Read Input Time": 0.15559673309326172, "Split Time": 0.8999960422515869, "Shuffle Time": 3.6239402294158936}
{"Read Input Time": 0.4116649627685547, "Split Time": 0.6275444030761719, "Shuffle Time": 3.76269793510437}
{"Read Input Time": 0.3726205825805664, "Split Time": 2.596041202545166, "Shuffle Time": 3.9501349925994873}
{"Read Input Time": 0.3282773494720459, "Split Time": 2.2922515869140625, "Shuffle Time": 4.102963924407959}
{"Read Input Time": 0.4337644577026367, "Split Time": 0.6726632118225098, "Shuffle Time": 4.100039482116699}
{"Read Input Time": 0.3233025074005127, "Split Time": 0.5669660568237305, "Shuffle Time": 4.26240873336792}
{"Read Input Time": 0.3952944278717041, "Split Time": 0.5831856727600098, "Shuffle Time": 3.51645565032959}
{"Read Input Time": 0.5038104057312012, "Split Time": 0.6057460308074951, "Shuffle Time": 4.191268682479858}
{"Read Input Time": 0.3271477222442627, "Split Time": 0.6415870189666748, "Shuffle Time": 3.2604804039001465}
{"Read Input Time": 0.4608154296875, "Split Time": 0.6831398010253906, "Shuffle Time": 3.566075325012207}
{"Read Input Time": 0.3206033706665039, "Split Time": 0.5955772399902344, "Shuffle Time": 3.666090726852417}
{"Read Input Time": 0.33623456954956055, "Split Time": 0.6599006652832031, "Shuffle Time": 3.70862078666687}
{"Read Input Time": 0.3814361095428467, "Split Time": 2.5190343856811523, "Shuffle Time": 3.487379789352417}
{"Read Input Time": 0.5376200675964355, "Split Time": 2.4405031204223633, "Shuffle Time": 4.1445534229278564}
{"Read Input Time": 0.452437162399292, "Split Time": 0.6936917304992676, "Shuffle Time": 3.7574069499969482}
{"Read Input Time": 0.24741721153259277, "Split Time": 2.527730941772461, "Shuffle Time": 4.244009256362915}
{"Read Input Time": 0.2404952049255371, "Split Time": 0.9153275489807129, "Shuffle Time": 3.530215263366699}
{"Read Input Time": 0.39525604248046875, "Split Time": 0.6472122669219971, "Shuffle Time": 4.271690368652344}
{"Read Input Time": 0.5308670997619629, "Split Time": 0.7323098182678223, "Shuffle Time": 3.879817008972168}
{"Read Input Time": 0.3768436908721924, "Split Time": 0.5654118061065674, "Shuffle Time": 3.5212106704711914}
{"Read Input Time": 0.3348548412322998, "Split Time": 0.5286126136779785, "Shuffle Time": 4.099223852157593}
{"Read Input Time": 0.4324815273284912, "Split Time": 2.1892409324645996, "Shuffle Time": 3.5785017013549805}
{"Read Input Time": 0.5080151557922363, "Split Time": 0.6902351379394531, "Shuffle Time": 3.5371930599212646}
{"Read Input Time": 0.6572601795196533, "Split Time": 0.7432770729064941, "Shuffle Time": 4.116673946380615}
{"Read Input Time": 0.4507870674133301, "Split Time": 0.6440374851226807, "Shuffle Time": 4.266601085662842}
{"Read Input Time": 0.33852243423461914, "Split Time": 0.5842583179473877, "Shuffle Time": 3.665745258331299}
{"Read Input Time": 0.46598339080810547, "Split Time": 0.6681151390075684, "Shuffle Time": 3.4430134296417236}
{"Read Input Time": 0.5519323348999023, "Split Time": 0.8198010921478271, "Shuffle Time": 3.626246452331543}
{"Read Input Time": 0.3709218502044678, "Split Time": 0.5534360408782959, "Shuffle Time": 3.4064667224884033}
{"Read Input Time": 0.40227794647216797, "Split Time": 0.6244094371795654, "Shuffle Time": 4.169381856918335}
{"Read Input Time": 0.3662760257720947, "Split Time": 0.6008310317993164, "Shuffle Time": 3.680950880050659}
{"Read Input Time": 0.37445902824401855, "Split Time": 0.6479048728942871, "Shuffle Time": 3.4483256340026855}
{"Read Input Time": 0.44691967964172363, "Split Time": 0.7824182510375977, "Shuffle Time": 4.28846287727356}
{"Read Input Time": 0.552903413772583, "Split Time": 0.6369590759277344, "Shuffle Time": 4.5653297901153564}
{"Read Input Time": 0.41742682456970215, "Split Time": 0.7699975967407227, "Shuffle Time": 4.526867389678955}
{"Read Input Time": 0.47395849227905273, "Split Time": 0.7405931949615479, "Shuffle Time": 4.222542762756348}
{"Read Input Time": 0.31934547424316406, "Split Time": 0.5872337818145752, "Shuffle Time": 3.8557980060577393}
{"Read Input Time": 0.43884801864624023, "Split Time": 0.6245689392089844, "Shuffle Time": 3.9724535942077637}
{"Read Input Time": 0.27872347831726074, "Split Time": 0.8043708801269531, "Shuffle Time": 4.744913339614868}
{"Read Input Time": 0.2761547565460205, "Split Time": 0.8454439640045166, "Shuffle Time": 4.397345066070557}
{"Read Input Time": 0.2796056270599365, "Split Time": 0.5769281387329102, "Shuffle Time": 3.6165616512298584}
{"Read Input Time": 0.44930005073547363, "Split Time": 2.5499348640441895, "Shuffle Time": 3.717698574066162}
{"Read Input Time": 0.24262046813964844, "Split Time": 0.7310197353363037, "Shuffle Time": 3.582207202911377}
{"Read Input Time": 0.2892916202545166, "Split Time": 0.6159615516662598, "Shuffle Time": 4.186295747756958}
{"Read Input Time": 0.27329230308532715, "Split Time": 0.6428506374359131, "Shuffle Time": 4.26663613319397}
{"Read Input Time": 0.4918951988220215, "Split Time": 0.6147303581237793, "Shuffle Time": 3.551037549972534}
{"Read Input Time": 0.33603954315185547, "Split Time": 2.3484930992126465, "Shuffle Time": 3.5976319313049316}
{"Read Input Time": 0.33814334869384766, "Split Time": 0.599372148513794, "Shuffle Time": 3.6478464603424072}
{"Read Input Time": 0.22121572494506836, "Split Time": 0.6054818630218506, "Shuffle Time": 4.015314340591431}
{"Read Input Time": 0.40505552291870117, "Split Time": 0.7079205513000488, "Shuffle Time": 3.6602609157562256}
{"Read Input Time": 0.3964202404022217, "Split Time": 0.8071095943450928, "Shuffle Time": 4.2555317878723145}
{"Read Input Time": 0.3819904327392578, "Split Time": 0.7092466354370117, "Shuffle Time": 3.796879768371582}
{"Read Input Time": 0.36267876625061035, "Split Time": 0.7300057411193848, "Shuffle Time": 4.544192790985107}
{"Read Input Time": 0.37050843238830566, "Split Time": 2.5881619453430176, "Shuffle Time": 3.516784429550171}
{"Read Input Time": 0.24585580825805664, "Split Time": 1.8096888065338135, "Shuffle Time": 3.3902699947357178}
{"Read Input Time": 0.43091344833374023, "Split Time": 0.7673523426055908, "Shuffle Time": 4.1769232749938965}
{"Read Input Time": 0.5201842784881592, "Split Time": 0.6289842128753662, "Shuffle Time": 3.186009168624878}
{"Read Input Time": 0.9101202487945557, "Split Time": 0.6374771595001221, "Shuffle Time": 3.5143332481384277}
{"Read Input Time": 0.38299989700317383, "Split Time": 0.6101031303405762, "Shuffle Time": 4.002129554748535}
{"Read Input Time": 0.23653531074523926, "Split Time": 0.6135313510894775, "Shuffle Time": 3.7269208431243896}
{"Read Input Time": 0.3948655128479004, "Split Time": 0.9514760971069336, "Shuffle Time": 3.1030771732330322}
{"Read Input Time": 0.3636496067047119, "Split Time": 1.0939996242523193, "Shuffle Time": 3.7418301105499268}
{"Read Input Time": 0.40457653999328613, "Split Time": 0.7671377658843994, "Shuffle Time": 3.6412975788116455}
{"Read Input Time": 0.3424086570739746, "Split Time": 0.7204856872558594, "Shuffle Time": 3.6863863468170166}
{"Read Input Time": 0.4239308834075928, "Split Time": 0.7325949668884277, "Shuffle Time": 4.210746765136719}
{"Read Input Time": 0.36614441871643066, "Split Time": 0.7090816497802734, "Shuffle Time": 3.708418369293213}
{"Read Input Time": 0.4114687442779541, "Split Time": 0.546724796295166,