{"Write Output Time": 0.048731327056884766, "Merge Time": 0.03627800941467285, "Shuffle Time": 1.4460618495941162}
{"Write Output Time": 0.05652022361755371, "Merge Time": 0.035691022872924805, "Shuffle Time": 1.3979458808898926}
{"Write Output Time": 0.0404512882232666, "Merge Time": 0.040180206298828125, "Shuffle Time": 1.5353975296020508}
{"Write Output Time": 0.029010295867919922, "Merge Time": 0.033200740814208984, "Shuffle Time": 0.9431445598602295}
{"Write Output Time": 0.03608298301696777, "Merge Time": 0.030627727508544922, "Shuffle Time": 0.9468257427215576}
{"Write Output Time": 0.0335392951965332, "Merge Time": 0.0340571403503418, "Shuffle Time": 1.4725830554962158}
{"Write Output Time": 0.05227994918823242, "Merge Time": 0.03837156295776367, "Shuffle Time": 1.529254674911499}
{"Write Output Time": 0.031146526336669922, "Merge Time": 0.0345003604888916, "Shuffle Time": 1.0107533931732178}
{"Write Output Time": 0.04145550727844238, "Merge Time": 0.0642249584197998, "Shuffle Time": 1.050628423690796}
{"Write Output Time": 0.05864238739013672, "Merge Time": 0.030630826950073242, "Shuffle Time": 0.8566415309906006}
{"Write Output Time": 0.03479504585266113, "Merge Time": 0.06943321228027344, "Shuffle Time": 1.0135486125946045}
{"Write Output Time": 0.04702281951904297, "Merge Time": 0.03630566596984863, "Shuffle Time": 1.4723231792449951}
{"Write Output Time": 0.056989431381225586, "Merge Time": 0.03620147705078125, "Shuffle Time": 1.831059455871582}
{"Write Output Time": 0.04840517044067383, "Merge Time": 0.0325927734375, "Shuffle Time": 1.461017370223999}
{"Write Output Time": 0.04264092445373535, "Merge Time": 0.035933732986450195, "Shuffle Time": 1.2524967193603516}
{"Write Output Time": 0.0475611686706543, "Merge Time": 0.04117941856384277, "Shuffle Time": 1.5542542934417725}
{"Write Output Time": 0.0630342960357666, "Merge Time": 0.06043219566345215, "Shuffle Time": 1.0137786865234375}
{"Write Output Time": 0.046489715576171875, "Merge Time": 0.03932309150695801, "Shuffle Time": 1.4734234809875488}
{"Write Output Time": 0.05764150619506836, "Merge Time": 0.03936886787414551, "Shuffle Time": 1.6661181449890137}
{"Write Output Time": 0.08098888397216797, "Merge Time": 0.04731106758117676, "Shuffle Time": 0.9870800971984863}
{"Write Output Time": 0.05559253692626953, "Merge Time": 0.03752422332763672, "Shuffle Time": 1.4394147396087646}
{"Write Output Time": 0.0342254638671875, "Merge Time": 0.03111553192138672, "Shuffle Time": 0.8692536354064941}
{"Write Output Time": 0.06245923042297363, "Merge Time": 0.036534786224365234, "Shuffle Time": 0.9371683597564697}
{"Write Output Time": 0.05184435844421387, "Merge Time": 0.038837432861328125, "Shuffle Time": 0.9769344329833984}
{"Write Output Time": 0.04915761947631836, "Merge Time": 0.06657123565673828, "Shuffle Time": 1.138685941696167}
{"Write Output Time": 0.052049875259399414, "Merge Time": 0.04162263870239258, "Shuffle Time": 0.9077129364013672}
{"Write Output Time": 0.05158734321594238, "Merge Time": 0.03209400177001953, "Shuffle Time": 1.502739429473877}
{"Write Output Time": 0.0524897575378418, "Merge Time": 0.03594326972961426, "Shuffle Time": 1.0235869884490967}
{"Write Output Time": 0.05287361145019531, "Merge Time": 0.0333712100982666, "Shuffle Time": 1.61033296585083}
{"Write Output Time": 0.034568071365356445, "Merge Time": 0.03119492530822754, "Shuffle Time": 1.3096792697906494}
{"Write Output Time": 0.04957270622253418, "Merge Time": 0.03438401222229004, "Shuffle Time": 1.3827643394470215}
{"Write Output Time": 0.06036090850830078, "Merge Time": 0.04892110824584961, "Shuffle Time": 1.0551748275756836}
{"Write Output Time": 0.052155256271362305, "Merge Time": 0.03488969802856445, "Shuffle Time": 1.3031973838806152}
{"Write Output Time": 0.047334909439086914, "Merge Time": 0.05145549774169922, "Shuffle Time": 0.9889700412750244}
{"Write Output Time": 0.02745676040649414, "Merge Time": 0.03302907943725586, "Shuffle Time": 1.4018573760986328}
{"Write Output Time": 0.04581117630004883, "Merge Time": 0.037090301513671875, "Shuffle Time": 1.6614890098571777}
{"Write Output Time": 0.033050537109375, "Merge Time": 0.034209489822387695, "Shuffle Time": 1.4462816715240479}
{"Write Output Time": 0.03636026382446289, "Merge Time": 0.033089637756347656, "Shuffle Time": 1.2787878513336182}
{"Write Output Time": 0.028697490692138672, "Merge Time": 0.0340726375579834, "Shuffle Time": 1.8316376209259033}
{"Write Output Time": 0.07069158554077148, "Merge Time": 0.0711359977722168, "Shuffle Time": 1.153428077697754}
{"Write Output Time": 0.04258394241333008, "Merge Time": 0.037088871002197266, "Shuffle Time": 1.6997721195220947}
{"Write Output Time": 0.035863637924194336, "Merge Time": 0.029770851135253906, "Shuffle Time": 0.8854856491088867}
{"Write Output Time": 0.07284879684448242, "Merge Time": 0.03797125816345215, "Shuffle Time": 1.6626191139221191}
{"Write Output Time": 0.04843950271606445, "Merge Time": 0.0360872745513916, "Shuffle Time": 1.4274098873138428}
{"Write Output Time": 0.04926609992980957, "Merge Time": 0.05398058891296387, "Shuffle Time": 1.1234583854675293}
{"Write Output Time": 0.10869264602661133, "Merge Time": 0.04204511642456055, "Shuffle Time": 1.0263524055480957}
{"Write Output Time": 0.03616952896118164, "Merge Time": 0.03608846664428711, "Shuffle Time": 1.078582763671875}
{"Write Output Time": 0.028965473175048828, "Merge Time": 0.03818655014038086, "Shuffle Time": 1.2999379634857178}
{"Write Output Time": 0.05487561225891113, "Merge Time": 0.03374910354614258, "Shuffle Time": 0.9138100147247314}
{"Write Output Time": 0.05717611312866211, "Merge Time": 0.06122708320617676, "Shuffle Time": 1.0571277141571045}
{"Write Output Time": 0.04876065254211426, "Merge Time": 0.035095930099487305, "Shuffle Time": 1.2738003730773926}
{"Write Output Time": 0.0485227108001709, "Merge Time": 0.08537507057189941, "Shuffle Time": 1.0401029586791992}
{"Write Output Time": 0.06012392044067383, "Merge Time": 0.035516977310180664, "Shuffle Time": 1.4183812141418457}
{"Write Output Time": 0.06532168388366699, "Merge Time": 0.05469560623168945, "Shuffle Time": 0.9732959270477295}
{"Write Output Time": 0.049560546875, "Merge Time": 0.04381728172302246, "Shuffle Time": 1.6039981842041016}
{"Write Output Time": 0.06617259979248047, "Merge Time": 0.036925554275512695, "Shuffle Time": 1.6973114013671875}
{"Write Output Time": 0.04689788818359375, "Merge Time": 0.03179621696472168, "Shuffle Time": 0.9159190654754639}
{"Write Output Time": 0.07238388061523438, "Merge Time": 0.03629016876220703, "Shuffle Time": 1.0219237804412842}
{"Write Output Time": 0.08667826652526855, "Merge Time": 0.038233041763305664, "Shuffle Time": 1.5441734790802002}
{"Write Output Time": 0.04843544960021973, "Merge Time": 0.03496813774108887, "Shuffle Time": 1.4520320892333984}
{"Write Output Time": 0.0611264705657959, "Merge Time": 0.03717231750488281, "Shuffle Time": 1.1450250148773193}
{"Write Output Time": 0.043778181076049805, "Merge Time": 0.0352327823638916, "Shuffle Time": 1.4810783863067627}
{"Write Output Time": 0.06122636795043945, "Merge Time": 0.05556893348693848, "Shuffle Time": 0.9849972724914551}
{"Write Output Time": 0.0717167854309082, "Merge Time": 0.038059234619140625, "Shuffle Time": 0.9679224491119385}
{"Write Output Time": 0.054204463958740234, "Merge Time": 0.04183506965637207, "Shuffle Time": 1.5359392166137695}
{"Write Output Time": 0.06390166282653809, "Merge Time": 0.04630851745605469, "Shuffle Time": 1.1743171215057373}
{"Write Output Time": 0.05048704147338867, "Merge Time": 0.04024982452392578, "Shuffle Time": 1.4267048835754395}
{"Write Output Time": 0.040914058685302734, "Merge Time": 0.03388404846191406, "Shuffle Time": 1.5051512718200684}
{"Write Output Time": 0.0521695613861084, "Merge Time": 0.0388791561126709, "Shuffle Time": 1.4774632453918457}
{"Write Output Time": 0.04617047309875488, "Merge Time": 0.04047894477844238,