{"Read Input Time": 0.35119056701660156, "Split Time": 2.8910272121429443, "Shuffle Time": 0.3110015392303467}
{"Read Input Time": 0.25490808486938477, "Split Time": 2.8755757808685303, "Shuffle Time": 0.4046318531036377}
{"Read Input Time": 0.4696834087371826, "Split Time": 2.3945977687835693, "Shuffle Time": 0.4699373245239258}
{"Read Input Time": 0.37032222747802734, "Split Time": 2.8959290981292725, "Shuffle Time": 0.3649013042449951}
{"Read Input Time": 0.35227131843566895, "Split Time": 2.8035919666290283, "Shuffle Time": 0.3646979331970215}
{"Read Input Time": 0.23650431632995605, "Split Time": 2.848531484603882, "Shuffle Time": 0.3844013214111328}
{"Read Input Time": 0.40161776542663574, "Split Time": 2.651494264602661, "Shuffle Time": 0.5234158039093018}
{"Read Input Time": 0.45923852920532227, "Split Time": 3.073824644088745, "Shuffle Time": 0.40572476387023926}
{"Read Input Time": 0.3366050720214844, "Split Time": 2.377735137939453, "Shuffle Time": 0.36173534393310547}
{"Read Input Time": 0.461040735244751, "Split Time": 3.1965432167053223, "Shuffle Time": 0.423264741897583}
