{"Write Output Time": 0.05784773826599121, "Merge Time": 0.051687002182006836, "Shuffle Time": 0.17298126220703125}
{"Write Output Time": 0.05821967124938965, "Merge Time": 0.05908775329589844, "Shuffle Time": 0.12665057182312012}
{"Write Output Time": 0.058660030364990234, "Merge Time": 0.02339029312133789, "Shuffle Time": 0.16667675971984863}
{"Write Output Time": 0.07150769233703613, "Merge Time": 0.03224611282348633, "Shuffle Time": 0.1604464054107666}
{"Write Output Time": 0.09607839584350586, "Merge Time": 0.05974555015563965, "Shuffle Time": 0.10207462310791016}
{"Write Output Time": 0.06261157989501953, "Merge Time": 0.07897353172302246, "Shuffle Time": 0.09867310523986816}
{"Write Output Time": 0.054781198501586914, "Merge Time": 0.05575990676879883, "Shuffle Time": 0.10359597206115723}
{"Write Output Time": 0.048684120178222656, "Merge Time": 0.03494524955749512, "Shuffle Time": 0.17802023887634277}
{"Write Output Time": 0.06238126754760742, "Merge Time": 0.02138543128967285, "Shuffle Time": 0.18142914772033691}
{"Write Output Time": 0.09576630592346191, "Merge Time": 0.025205612182617188, "Shuffle Time": 0.16686272621154785}
