{"Read Input Time": 0.23844242095947266, "Split Time": 2.8098480701446533, "Shuffle Time": 0.745535135269165}
{"Read Input Time": 0.5128357410430908, "Split Time": 2.3689653873443604, "Shuffle Time": 0.9332988262176514}
{"Read Input Time": 0.2784233093261719, "Split Time": 1.9248037338256836, "Shuffle Time": 0.6930487155914307}
{"Read Input Time": 0.4518110752105713, "Split Time": 2.117677688598633, "Shuffle Time": 0.8478264808654785}
{"Read Input Time": 0.20722055435180664, "Split Time": 2.5049304962158203, "Shuffle Time": 0.9322829246520996}
{"Read Input Time": 0.3768422603607178, "Split Time": 3.0302417278289795, "Shuffle Time": 0.7248275279998779}
{"Read Input Time": 0.419605016708374, "Split Time": 2.300370931625366, "Shuffle Time": 0.76902174949646}
{"Read Input Time": 0.5591444969177246, "Split Time": 2.257124423980713, "Shuffle Time": 0.7584903240203857}
{"Read Input Time": 0.36290788650512695, "Split Time": 2.4393773078918457, "Shuffle Time": 0.9129800796508789}
{"Read Input Time": 0.3502490520477295, "Split Time": 2.3625409603118896, "Shuffle Time": 0.8987395763397217}
{"Read Input Time": 0.20317816734313965, "Split Time": 1.8401243686676025, "Shuffle Time": 0.6827259063720703}
{"Read Input Time": 0.2502105236053467, "Split Time": 2.7719902992248535, "Shuffle Time": 0.8672497272491455}
{"Read Input Time": 0.34261012077331543, "Split Time": 2.3119616508483887, "Shuffle Time": 0.9741778373718262}
{"Read Input Time": 0.4170846939086914, "Split Time": 2.676283359527588, "Shuffle Time": 0.790618896484375}
{"Read Input Time": 0.2736988067626953, "Split Time": 2.887462854385376, "Shuffle Time": 0.8288307189941406}
{"Read Input Time": 0.3877272605895996, "Split Time": 2.58007550239563, "Shuffle Time": 0.8967688083648682}
{"Read Input Time": 0.47103047370910645, "Split Time": 2.3631651401519775, "Shuffle Time": 0.7559647560119629}
{"Read Input Time": 0.28627777099609375, "Split Time": 2.859264612197876, "Shuffle Time": 0.9237592220306396}
{"Read Input Time": 0.21321797370910645, "Split Time": 1.8527662754058838, "Shuffle Time": 0.9354662895202637}
{"Read Input Time": 0.3334190845489502, "Split Time": 2.0157968997955322, "Shuffle Time": 0.9258606433868408}
{"Read Input Time": 0.47136664390563965, "Split Time": 2.9938201904296875, "Shuffle Time": 0.8108317852020264}
{"Read Input Time": 0.34610795974731445, "Split Time": 2.3780229091644287, "Shuffle Time": 0.861797571182251}
{"Read Input Time": 0.1706385612487793, "Split Time": 2.47149920463562, "Shuffle Time": 1.012538194656372}
{"Read Input Time": 0.44983506202697754, "Split Time": 2.1048014163970947, "Shuffle Time": 0.9681189060211182}
{"Read Input Time": 0.3985457420349121, "Split Time": 2.4149789810180664, "Shuffle Time": 1.0011050701141357}
