{"Write Output Time": 0.051160573959350586, "Merge Time": 0.024097442626953125, "Shuffle Time": 0.3156313896179199}
{"Write Output Time": 0.07131004333496094, "Merge Time": 0.05455327033996582, "Shuffle Time": 0.2646524906158447}
{"Write Output Time": 0.060170888900756836, "Merge Time": 0.02608633041381836, "Shuffle Time": 0.4014396667480469}
{"Write Output Time": 0.042989253997802734, "Merge Time": 0.028509855270385742, "Shuffle Time": 0.3924674987792969}
{"Write Output Time": 0.05829000473022461, "Merge Time": 0.030539751052856445, "Shuffle Time": 0.3271195888519287}
{"Write Output Time": 0.07267928123474121, "Merge Time": 0.03560161590576172, "Shuffle Time": 0.27237367630004883}
{"Write Output Time": 0.061475276947021484, "Merge Time": 0.026613473892211914, "Shuffle Time": 0.4538459777832031}
{"Write Output Time": 0.045090436935424805, "Merge Time": 0.03641510009765625, "Shuffle Time": 0.444366455078125}
{"Write Output Time": 0.050363779067993164, "Merge Time": 0.04300856590270996, "Shuffle Time": 0.282850980758667}
{"Write Output Time": 0.06732058525085449, "Merge Time": 0.029218673706054688, "Shuffle Time": 0.4014863967895508}
{"Write Output Time": 0.049729108810424805, "Merge Time": 0.05347180366516113, "Shuffle Time": 0.2694871425628662}
{"Write Output Time": 0.06959891319274902, "Merge Time": 0.028486967086791992, "Shuffle Time": 0.3163418769836426}
{"Write Output Time": 0.06706476211547852, "Merge Time": 0.03166627883911133, "Shuffle Time": 0.4640343189239502}
{"Write Output Time": 0.06163501739501953, "Merge Time": 0.02852773666381836, "Shuffle Time": 0.43212175369262695}
{"Write Output Time": 0.05160403251647949, "Merge Time": 0.0310518741607666, "Shuffle Time": 0.506732702255249}
{"Write Output Time": 0.03534698486328125, "Merge Time": 0.03854632377624512, "Shuffle Time": 0.28684020042419434}
{"Write Output Time": 0.07402324676513672, "Merge Time": 0.025801897048950195, "Shuffle Time": 0.35016846656799316}
{"Write Output Time": 0.07880735397338867, "Merge Time": 0.04136347770690918, "Shuffle Time": 0.3115193843841553}
{"Write Output Time": 0.039098262786865234, "Merge Time": 0.026890993118286133, "Shuffle Time": 0.31246066093444824}
{"Write Output Time": 0.042730093002319336, "Merge Time": 0.030522823333740234, "Shuffle Time": 0.4092221260070801}
{"Write Output Time": 0.09669256210327148, "Merge Time": 0.03522825241088867, "Shuffle Time": 0.22415924072265625}
{"Write Output Time": 0.07190346717834473, "Merge Time": 0.0560610294342041, "Shuffle Time": 0.2539494037628174}
{"Write Output Time": 0.04816079139709473, "Merge Time": 0.02809906005859375, "Shuffle Time": 0.4197201728820801}
{"Write Output Time": 0.04306936264038086, "Merge Time": 0.02505326271057129, "Shuffle Time": 0.4558861255645752}
{"Write Output Time": 0.0467984676361084, "Merge Time": 0.027064085006713867, "Shuffle Time": 0.7313101291656494}
