{"Read Input Time": 0.33560681343078613, "Split Time": 0.8954968452453613, "Shuffle Time": 2.1092324256896973}
{"Read Input Time": 0.31761741638183594, "Split Time": 0.8326575756072998, "Shuffle Time": 1.9053409099578857}
{"Read Input Time": 0.37208986282348633, "Split Time": 0.6142346858978271, "Shuffle Time": 2.0404365062713623}
{"Read Input Time": 0.5125861167907715, "Split Time": 0.6149730682373047, "Shuffle Time": 1.748009204864502}
{"Read Input Time": 0.29999613761901855, "Split Time": 0.6144101619720459, "Shuffle Time": 1.633521318435669}
{"Read Input Time": 0.23169708251953125, "Split Time": 0.6363351345062256, "Shuffle Time": 1.9298813343048096}
{"Read Input Time": 0.38207149505615234, "Split Time": 0.6921176910400391, "Shuffle Time": 1.6294610500335693}
{"Read Input Time": 0.22935175895690918, "Split Time": 0.6403157711029053, "Shuffle Time": 1.6746821403503418}
{"Read Input Time": 0.4154353141784668, "Split Time": 0.7036099433898926, "Shuffle Time": 1.8676748275756836}
{"Read Input Time": 0.336453914642334, "Split Time": 0.708310604095459, "Shuffle Time": 1.724454641342163}
{"Read Input Time": 0.21809840202331543, "Split Time": 0.6612298488616943, "Shuffle Time": 2.067269802093506}
{"Read Input Time": 0.31719374656677246, "Split Time": 0.7555222511291504, "Shuffle Time": 1.7162609100341797}
{"Read Input Time": 0.38916563987731934, "Split Time": 0.6240854263305664, "Shuffle Time": 1.5943603515625}
{"Read Input Time": 0.26085519790649414, "Split Time": 0.7672476768493652, "Shuffle Time": 1.9390842914581299}
{"Read Input Time": 0.541236162185669, "Split Time": 0.600900411605835, "Shuffle Time": 1.7197918891906738}
{"Read Input Time": 0.3354761600494385, "Split Time": 0.7402253150939941, "Shuffle Time": 1.8834421634674072}
{"Read Input Time": 0.6447885036468506, "Split Time": 0.6432709693908691, "Shuffle Time": 1.888841152191162}
{"Read Input Time": 0.3716316223144531, "Split Time": 0.8574819564819336, "Shuffle Time": 1.9167001247406006}
{"Read Input Time": 0.2638077735900879, "Split Time": 0.6200075149536133, "Shuffle Time": 2.016300678253174}
{"Read Input Time": 0.6625432968139648, "Split Time": 0.7861723899841309, "Shuffle Time": 1.8033185005187988}
{"Read Input Time": 0.3075742721557617, "Split Time": 0.7832305431365967, "Shuffle Time": 2.121990442276001}
{"Read Input Time": 0.37778234481811523, "Split Time": 0.5557312965393066, "Shuffle Time": 1.5765249729156494}
{"Read Input Time": 0.6118676662445068, "Split Time": 0.863072395324707, "Shuffle Time": 1.92948579788208}
{"Read Input Time": 0.45806384086608887, "Split Time": 0.6614015102386475, "Shuffle Time": 2.02651047706604}
{"Read Input Time": 0.22272849082946777, "Split Time": 0.7694637775421143, "Shuffle Time": 1.9317755699157715}
{"Read Input Time": 0.3816554546356201, "Split Time": 0.718543529510498, "Shuffle Time": 1.866603136062622}
{"Read Input Time": 0.4584794044494629, "Split Time": 0.643094539642334, "Shuffle Time": 2.0406031608581543}
{"Read Input Time": 0.34015846252441406, "Split Time": 0.7232286930084229, "Shuffle Time": 2.080566644668579}
{"Read Input Time": 0.26120543479919434, "Split Time": 0.7292513847351074, "Shuffle Time": 1.9370267391204834}
{"Read Input Time": 0.2329087257385254, "Split Time": 0.8318111896514893, "Shuffle Time": 1.6495537757873535}
{"Read Input Time": 0.26062464714050293, "Split Time": 0.6430046558380127, "Shuffle Time": 1.744788408279419}
{"Read Input Time": 0.6588118076324463, "Split Time": 0.9304103851318359, "Shuffle Time": 2.0780651569366455}
{"Read Input Time": 0.47934818267822266, "Split Time": 0.7570691108703613, "Shuffle Time": 1.805553913116455}
{"Read Input Time": 0.35257744789123535, "Split Time": 0.7387299537658691, "Shuffle Time": 1.9735121726989746}
{"Read Input Time": 0.4259037971496582, "Split Time": 0.6969971656799316, "Shuffle Time": 1.7258968353271484}
{"Read Input Time": 0.17763900756835938, "Split Time": 0.6448030471801758, "Shuffle Time": 1.7567331790924072}
{"Read Input Time": 0.48300886154174805, "Split Time": 0.7443447113037109, "Shuffle Time": 2.107229709625244}
{"Read Input Time": 0.37671327590942383, "Split Time": 0.5983328819274902, "Shuffle Time": 1.5814919471740723}
{"Read Input Time": 0.2814676761627197, "Split Time": 0.6001620292663574, "Shuffle Time": 1.6004760265350342}
{"Read Input Time": 0.24138975143432617, "Split Time": 0.5224366188049316, "Shuffle Time": 1.881246566772461}
{"Read Input Time": 0.3198213577270508, "Split Time": 0.5961422920227051, "Shuffle Time": 1.935664415359497}
{"Read Input Time": 0.5052289962768555, "Split Time": 0.8349754810333252, "Shuffle Time": 1.830559492111206}
{"Read Input Time": 0.36964988708496094, "Split Time": 0.7024867534637451, "Shuffle Time": 1.9870271682739258}
{"Read Input Time": 0.3034234046936035, "Split Time": 0.8456811904907227, "Shuffle Time": 1.8115873336791992}
{"Read Input Time": 0.48043227195739746, "Split Time": 0.6608645915985107, "Shuffle Time": 2.1771814823150635}
{"Read Input Time": 0.2965109348297119, "Split Time": 0.5788836479187012, "Shuffle Time": 1.685563564300537}
{"Read Input Time": 0.37630486488342285, "Split Time": 0.6059632301330566, "Shuffle Time": 2.095676898956299}
{"Read Input Time": 0.33480000495910645, "Split Time": 0.7660956382751465, "Shuffle Time": 1.6187849044799805}
{"Read Input Time": 0.34475231170654297, "Split Time": 0.6841051578521729, "Shuffle Time": 1.6504108905792236}
{"Read Input Time": 0.6064980030059814, "Split Time": 0.608250617980957, "Shuffle Time": 1.596588373184204}
