{"Write Output Time": 0.04767584800720215, "Merge Time": 0.033058881759643555, "Shuffle Time": 0.7379617691040039}
{"Write Output Time": 0.07344675064086914, "Merge Time": 0.0548701286315918, "Shuffle Time": 0.5835506916046143}
{"Write Output Time": 0.07208514213562012, "Merge Time": 0.027948856353759766, "Shuffle Time": 0.5294191837310791}
{"Write Output Time": 0.05879473686218262, "Merge Time": 0.03152346611022949, "Shuffle Time": 0.7480792999267578}
{"Write Output Time": 0.0553438663482666, "Merge Time": 0.026913166046142578, "Shuffle Time": 0.5124564170837402}
{"Write Output Time": 0.07624506950378418, "Merge Time": 0.0636892318725586, "Shuffle Time": 0.6964333057403564}
{"Write Output Time": 0.05167722702026367, "Merge Time": 0.031719207763671875, "Shuffle Time": 0.7860503196716309}
{"Write Output Time": 0.049237966537475586, "Merge Time": 0.033260345458984375, "Shuffle Time": 1.004913330078125}
{"Write Output Time": 0.053661346435546875, "Merge Time": 0.030243635177612305, "Shuffle Time": 0.672205924987793}
{"Write Output Time": 0.05665922164916992, "Merge Time": 0.0302579402923584, "Shuffle Time": 0.7939789295196533}
{"Write Output Time": 0.05350494384765625, "Merge Time": 0.03187060356140137, "Shuffle Time": 0.7892665863037109}
{"Write Output Time": 0.06688284873962402, "Merge Time": 0.02930450439453125, "Shuffle Time": 0.5962865352630615}
{"Write Output Time": 0.0499269962310791, "Merge Time": 0.03346085548400879, "Shuffle Time": 0.769505500793457}
{"Write Output Time": 0.07855010032653809, "Merge Time": 0.030742406845092773, "Shuffle Time": 0.7271928787231445}
{"Write Output Time": 0.05009913444519043, "Merge Time": 0.02846217155456543, "Shuffle Time": 0.7111618518829346}
{"Write Output Time": 0.04483628273010254, "Merge Time": 0.03683876991271973, "Shuffle Time": 0.7385327816009521}
{"Write Output Time": 0.04791855812072754, "Merge Time": 0.028481721878051758, "Shuffle Time": 0.657818078994751}
{"Write Output Time": 0.056278228759765625, "Merge Time": 0.02798318862915039, "Shuffle Time": 0.7063031196594238}
{"Write Output Time": 0.06810617446899414, "Merge Time": 0.031073808670043945, "Shuffle Time": 0.7431659698486328}
{"Write Output Time": 0.07222700119018555, "Merge Time": 0.028404712677001953, "Shuffle Time": 0.7544088363647461}
{"Write Output Time": 0.053438425064086914, "Merge Time": 0.038934946060180664, "Shuffle Time": 0.6992776393890381}
{"Write Output Time": 0.04807019233703613, "Merge Time": 0.03219199180603027, "Shuffle Time": 0.9201066493988037}
{"Write Output Time": 0.04590797424316406, "Merge Time": 0.03230690956115723, "Shuffle Time": 0.6568613052368164}
{"Write Output Time": 0.055407047271728516, "Merge Time": 0.03249692916870117, "Shuffle Time": 0.7672882080078125}
{"Write Output Time": 0.06184649467468262, "Merge Time": 0.029985904693603516, "Shuffle Time": 0.8190021514892578}
{"Write Output Time": 0.052204132080078125, "Merge Time": 0.034386396408081055, "Shuffle Time": 0.7971174716949463}
{"Write Output Time": 0.047502756118774414, "Merge Time": 0.04836225509643555, "Shuffle Time": 0.5815930366516113}
{"Write Output Time": 0.06486868858337402, "Merge Time": 0.031525373458862305, "Shuffle Time": 0.721811056137085}
{"Write Output Time": 0.05971264839172363, "Merge Time": 0.02910304069519043, "Shuffle Time": 0.7961230278015137}
{"Write Output Time": 0.05554533004760742, "Merge Time": 0.08324241638183594, "Shuffle Time": 0.7609317302703857}
{"Write Output Time": 0.04149341583251953, "Merge Time": 0.028578519821166992, "Shuffle Time": 0.6349132061004639}
{"Write Output Time": 0.052933454513549805, "Merge Time": 0.07606029510498047, "Shuffle Time": 0.5860540866851807}
{"Write Output Time": 0.07713747024536133, "Merge Time": 0.023784875869750977, "Shuffle Time": 0.46494054794311523}
{"Write Output Time": 0.056470394134521484, "Merge Time": 0.10832858085632324, "Shuffle Time": 0.6055893898010254}
{"Write Output Time": 0.07002830505371094, "Merge Time": 0.1001124382019043, "Shuffle Time": 0.47605347633361816}
{"Write Output Time": 0.05463910102844238, "Merge Time": 0.0936441421508789, "Shuffle Time": 0.7021079063415527}
{"Write Output Time": 0.053447723388671875, "Merge Time": 0.03157782554626465, "Shuffle Time": 0.7195014953613281}
{"Write Output Time": 0.06489825248718262, "Merge Time": 0.03040027618408203, "Shuffle Time": 0.6665439605712891}
{"Write Output Time": 0.044522762298583984, "Merge Time": 0.030656099319458008, "Shuffle Time": 0.7490425109863281}
{"Write Output Time": 0.04959559440612793, "Merge Time": 0.031447410583496094, "Shuffle Time": 0.6910676956176758}
{"Write Output Time": 0.06928014755249023, "Merge Time": 0.027874469757080078, "Shuffle Time": 0.5426950454711914}
{"Write Output Time": 0.05356192588806152, "Merge Time": 0.028531789779663086, "Shuffle Time": 0.7151553630828857}
{"Write Output Time": 0.10418152809143066, "Merge Time": 0.045439958572387695, "Shuffle Time": 0.6097226142883301}
{"Write Output Time": 0.04165840148925781, "Merge Time": 0.029021024703979492, "Shuffle Time": 0.7175354957580566}
{"Write Output Time": 0.05468940734863281, "Merge Time": 0.03175640106201172, "Shuffle Time": 0.7319052219390869}
{"Write Output Time": 0.05546903610229492, "Merge Time": 0.04607748985290527, "Shuffle Time": 0.7110450267791748}
{"Write Output Time": 0.08008861541748047, "Merge Time": 0.05767965316772461, "Shuffle Time": 0.6963527202606201}
{"Write Output Time": 0.04593181610107422, "Merge Time": 0.03090500831604004, "Shuffle Time": 0.7953314781188965}
{"Write Output Time": 0.07364058494567871, "Merge Time": 0.0359342098236084, "Shuffle Time": 0.6286182403564453}
{"Write Output Time": 0.05192756652832031, "Merge Time": 0.025927066802978516, "Shuffle Time": 0.6150925159454346}
